{
  "rest-stations": [
    {
      "x": 10.0,
      "y": 39.285,
      "theta": 1.57
    },
    {
      "x": 11.21,
      "y": 39.285,
      "theta": 1.57
    },
    {
      "x": 12.42,
      "y": 39.285,
      "theta": 1.57
    },
    {
      "x": 13.63,
      "y": 39.285,
      "theta": 1.57
    },
    {
      "x": 14.84,
      "y": 39.285,
      "theta": 1.57
    },
    {
      "x": 16.05,
      "y": 39.285,
      "theta": 1.57
    },
    {
      "x": 17.26,
      "y": 39.285,
      "theta": 1.57
    },
    {
      "x": 19.225,
      "y": 39.285,
      "theta": 1.57
    }
  ],

  "charge-stations": [
  ]
}
